<?xml version="1.0" encoding="UTF-8" standalone="yes"?>
<addon id="repository.blackjohnny" name="Blackjohnny Repo" version="1.0.0" provider-name="blackj48">
  <extension point="xbmc.addon.repository" name="Blackjohnny Repository">
    <info compressed="false">https://raw.githubusercontent.com/blackj48/repository.blackjohnny/main/addons.xml</info>
    <checksum>https://raw.githubusercontent.com/blackj48/repository.blackjohnny/main/addons.xml.md5</checksum>
    <datadir zip="true">https://raw.githubusercontent.com/blackj48/repository.blackjohnny/main/zips/</datadir>
  </extension>
  <extension point="xbmc.addon.metadata">
    <summary lang="el">Blackjohnny Repo</summary>
    <description lang="el">Repository για το Blackjohnny Wizard και Build</description>
    <platform>all</platform>
  </extension>
</addon>