<?xml version="1.0" encoding="UTF-8"?>
<addons>

    <!-- 1.  ENTRY για το wizard (όπως ζήτησες) -->
    <addon id="plugin.program.blackjohnnywizard"
           name="BlackJohnny Wizard"
           version="1.0.0"
           provider-name="blackj48">
        <extension point="xbmc.addon.program"
                   library="default.py"
                   name="BlackJohnny Wizard"
                   icon="icon.png"
                   fanart="resources/fanart.jpg" />

        <extension point="xbmc.addon.metadata">
            <summary lang="el">Οδηγός εγκατάστασης BlackJohnny build</summary>
            <description lang="el">
                Κατεβάζει και εγκαθιστά αυτόματα το BlackJohnny build,
                προσφέρει reset ρυθμίσεων κ.λπ.
            </description>
            <platform>all</platform>
        </extension>

        <requires>
            <import addon="xbmc.python" version="3.0.0"/>
        </requires>

        <assets>
            <icon>icon.png</icon>
            <fanart>resources/fanart.jpg</fanart>
            <license>LICENSE.txt</license>
        </assets>
    </addon>

</addons>
