<?xml version="1.0" encoding="UTF-8" standalone="yes"?>
<addon id="plugin.program.blackjohnnywizard"
       name="Blackjohnny Wizard"
       version="1.0.0"
       provider-name="blackj48">
  <requires>
    <import addon="xbmc.python" version="3.0.0"/>
  </requires>
  <extension point="xbmc.python.pluginsource" library="default.py"/>
  <extension point="xbmc.addon.metadata">
    <summary>Blackjohnny Wizard Installer</summary>
    <description>Εγκαταστάτης του Blackjohnny Build</description>
    <platform>all</platform>
  </extension>
</addon>
