<addons>
  <addon id="plugin.program.blackjohnnywizard" version="2.0.0" name="BlackJohnny Wizard" provider-name="blackj48">
    <requires>
      <import addon="xbmc.python" version="3.0.0"/>
    </requires>
    <extension point="xbmc.python.pluginsource" library="default.py">
      <info compressed="true">addon.xml</info>
      <checksum>addons.xml.md5</checksum>
      <datadir zip="true">.</datadir>
    </extension>
    <assets>
      <icon>icon.png</icon>
      <fanart>fanart.jpg</fanart>
      <license>LICENSE.txt</license>
    </assets>
    <extension point="xbmc.addon.metadata">
      <summary>BlackJohnny wizard and builds</summary>
      <description>BlackJohnny wizard for installing builds and addons</description>
      <platform>all</platform>
    </extension>
  </addon>
</addons>