<?xml version="1.0" encoding="UTF-8" standalone="yes"?>
<addons>
  <addon id="plugin.program.blackjohnnywizard" name="Blackjohnny Wizard" version="1.0.0" provider-name="blackj48">
    <requires>
      <import addon="xbmc.python" version="3.0.0"/>
    </requires>
    <extension point="xbmc.addon.program" />
    <extension point="xbmc.addon.metadata">
      <summary lang="el">Εργαλείο εγκατάστασης Blackjohnny Build</summary>
      <description lang="el">Οδηγός εγκατάστασης build και συντήρησης Kodi</description>
      <platform>all</platform>
    </extension>
  </addon>
</addons>
